ОАО ИКМА ;САО;район Западное Дегунино;Пищевая промышленность
ЗАО ВЕГУС ;ВАО;район Соколиная Гора;Пищевая промышленность
АО ЧМПЗ ;ВАО;район Метрогородок;Пищевая промышленность
ОАО Мелькомбинат в Сокольниках ;ВАО;район Сокольники;Пищевая промышленность
ООО ПО АРС ;ВАО;район Перово;Пищевая промышленность
ОАО ЧЕРКИЗОВО ;ВАО;район Преображенское;Пищевая промышленность
ЗАО КМКИ Добрынинский ;ВАО;район Преображенское;Пищевая промышленность
ОАО ЭКСТРА М ;ВАО;район Сокольники;Пищевая промышленность
ПАО РУССКИЙ ПРОДУКТ ;ВАО;район Метрогородок;Пищевая промышленность
ОАО МШФ ;ВАО;район Соколиная Гора;Легкая промышленность
ОАО СТАРТ ;ВАО;район Соколиная Гора;Легкая промышленность
ЗАО КРАСНАЯ ЗАРЯ ;ВАО;район Соколиная Гора;Легкая промышленность
ЗАО РАЛЬФ РИНГЕР ;ВАО;район Метрогородок;Легкая промышленность
ОАО ГАММА ;ВАО;район Преображенское;Химическая промышленность
ЗАО ЭЗОИС ;ВАО;район Гольяново;Электрическая распределительная и регулирующая аппаратура
АО МОСПРОМЖЕЛЕЗОБЕТОН ;ВАО;район Метрогородок;Неметаллические минеральные продукты
ООО Восход-Метиз ;ВАО;район Гольяново;Неметаллические минеральные продукты
ООО Московское ПО Металлпластизделие ;ВАО;район Перово;Металлообрабатывающая промышленность
ООО ЗНАК ;ВАО;район Преображенское;Металлообрабатывающая промышленность
АО САНТЕХПРОМ ;ВАО;район Гольяново;Готовые металлические изделия
ОАО МОС ОТИС ;ВАО;район Соколиная Гора;Машины и оборудование
ООО Фабрика Вентиляции ГалВент ;ВАО;район Перово;Машины и оборудование
АО АРГУМЕНТЫ И ФАКТЫ ;ВАО;район Преображенское;Целлюлозно-бумажная промышленность, издательская и полиграфическая деятельность
ООО МИДИ ПРИНТ ;ВАО;район Соколиная Гора;Целлюлозно-бумажная промышленность, издательская и полиграфическая деятельность
ООО Московское УПП № 8 ВОС ;ВАО;район Богородское;Целлюлозно-бумажная промышленность, издательская и полиграфическая деятельность
ПАО НК РОСНЕФТЬ -МЗ НЕФТЕПРОДУКТ ;ВАО;район Перово;Нефтепереработка
ФГУП ГОСЗМП ;ВАО;район Соколиная Гора;Химическая промышленность
АО НПП САЛЮТ ;ВАО;район Перово;Радиоэлектронная промышленность
ОАО МЗТА ;ВАО;район Соколиная Гора;Производство компьютеров, электронных и оптических изделий
АО 106 ЭОМЗ ;ВАО;район Гольяново;Производство оптических приборов, фото- и кинооборудования
ООО МЗСА ;ВАО;район Богородское;Транспортные средства
АО МОСКОВСКИЙ ЛРЗ ;ВАО;район Перово;Транспортные средства
АО ОКБ КРИСТАЛЛ ;ВАО;район Соколиная Гора;Транспортные средства
АО ММЗ ВПЕРЕД ;ВАО;район Соколиная Гора;Транспортные средства
ОАО МЗ МАЯК ;ВАО;район Соколиная Гора;Транспортные средства
ООО ДЭКСТР ;ВАО;район Перово;Мебель
"ООО КОНСУЛ МЕДИНА
";ВАО;район Измайлово;Мебель
ЗАО КОМПАНИЯ ИФ-СЕРВИС ;ВАО;район Измайлово;Машины и оборудование
ОАО Микромашина ;ВАО;район Богородское;Машины и оборудование
ЗАО ЭМИКОН ;ВАО;район Гольяново;Производство компьютеров, электронных и оптических изделий
ОАО ПК ХК ЭЛЕКТРОЗАВОД ;ВАО;район Преображенское;Производство электрического оборудования
АО ГОКБ ПРОЖЕКТОР ;ВАО;район Перово;Производство электрического оборудования
ООО АВП ТЕХНОЛОГИЯ ;ВАО;район Преображенское;Производство электрического оборудования
АО МЭЛ ;ВАО;район Гольяново;Производство машин и оборудования
ООО МПЗ ;ВАО;район Перово;Производство электрического оборудования
ООО ГРАФИТЭЛ-МЭЗ ;ВАО;район Соколиная Гора;Производство прочей неметаллической минеральной продукции
"АО МКЭР АО МОСКАБЕЛЬЭНЕРГОРЕМОНТ
";ВАО;район Вешняки;Ремонт и монтаж машин и оборудования
АО ОПТРОН ;ВАО;район Соколиная Гора;Производство компьютеров, электронных и оптических изделий
АО ГЗ ПУЛЬСАР ;ВАО;район Соколиная Гора;Производство компьютеров, электронных и оптических изделий
АО ЛИТ-ФОНОН ;ВАО;район Богородское;Производство компьютеров, электронных и оптических изделий
АО МЗЭМ ;ВАО;район Соколиная Гора;Производство электрического оборудования
ОАО НПО ГЕОФИЗИКА-НВ ;ВАО;район Сокольники;Производство компьютеров, электронных и оптических изделий
ООО НПП СПЕЦКАБЕЛЬ ;ВАО;район Гольяново;Производство электрического оборудования
ПАО НПП Сапфир ;ВАО;район Соколиная Гора;Научные исследования и разработки 
"АО НПП КЛАСС
";ВАО;район Перово;Производство одежды
"ООО КОМПАНИЯ СПЛАВ
";ВАО;район Вешняки;Производство текстильных изделий
ООО Илкон;ВАО;район Косино-Ухтомский;Производство мебели
"АО НПО БАЗАЛЬТ
";ВАО;район Соколиная Гора;производство оружия и боеприпасов
АО НПП ПУЛЬСАР;ВАО;район Соколиная Гора;Научные исследования и разработки
АО ММЗ ВПЕРЕД;ВАО;район Соколиная Гора;Производство прочих транспортных средств и оборудования
ООО НПК ИНКОТЕКС;ВАО;район Северное Измайлово;"Приборостроение и электроника
"
"ООО МОСКАРТ
";ВАО;район Метрогородок;"Пищевая промышленность
"
"ООО КВАНТОВО-ОПТИЧЕСКИЕ СИСТЕМЫ
";ВАО;район Перово;"Приборостроение и электроника
"
"ООО ЭЛЬСТЕР МЕТРОНИКА
";ВАО;район Перово;"Производство строительных материалов
"
"ООО КФ ЧЕРЕМУШКИ
";ВАО;район Гольяново;"Пищевая промышленность
"
АО ОДК;ВАО;район Соколиная Гора;"Авиационная промышленность
"
ОАО ГИПРОНИИАВИАПРОМ;ВАО;район Гольяново;"Авиационная промышленность
"
"ООО НПО ПУСК
";ВАО;район Соколиная Гора;"Приборостроение и электроника
"
"ООО ОВЕРХОЛ-ПРО
";ВАО;район Измайлово;"Автомобильная промышленность
"
"ООО АМЕГА
";ВАО;район Соколиная Гора;"Производство строительных материалов
"
"ООО ПЛАЗМА-Т
";ВАО;район Новогиреево;"Приборостроение и электроника
"
"ЗАО АГЕНТСТВО ПРОМЫШЛЕННОГО
РАЗВИТИЯ И ИНВЕСТИЦИЙ ";ВАО;район Гольяново;Операции с недвижимым имуществом  
АО НПО ОРИОН;ВАО;район Вешняки;Радиоэлектроника и приборостроение
АО ЦНИИ ЦИКЛОН;ВАО;район Гольяново;Радиоэлектроника и приборостроение
ООО ПРОИЗВОДСТВЕННОЕ ОБЪЕДИНЕНИЕ ОВЕН;ВАО;район Перово;Радиоэлектроника и приборостроение
ООО НПО МАШИНОСТРОЕНИЯ СВАРОГ;ВАО;район Преображенское;Автомобильная промышленность
АО МИЗ;ВАО;район Соколиная Гора;Станкоинструментальная промышленность
АО ДЕДАЛ-НВ;ВАО;район Сокольники;Радиоэлектроника и приборостроение
ООО ФЗ ИММУННОЛЕКС;ВАО;район Соколиная Гора;Фармацевтическая промышленность
АО НПП ГЕОФИЗИКА-КОСМОС;ВАО;район Гольяново;Радиоэлектроника и приборостроение
АО АП ВОСХОД;ВАО;район Соколиная Гора;Радиоэлектроника и приборостроение
АО ММЗ ВЫМПЕЛ;ВАО;район Соколиная Гора;Общее машиностроение
ФГУП ГОСНИИОХТ;ВАО;район Соколиная Гора;Химическая промышленность
АО НИИГРАФИТ;ВАО;район Перово;Химическая промышленность
АО НИИ ПАРАШЮТОСТРОЕНИЯ;ВАО;район Гольяново;Научная деятельность
АО ГИРЕДМЕТ;ВАО;район Перово;Общее машиностроение
АО ЦНИИ КУРС;ВАО;район Соколиная Гора;Судостроение
ООО КУВЕРТ;ВАО;район Перово;Деревообрабатывающая
АО КОНЦЕРН МОРИНСИС - АГАТ;ВАО;район Перово;Судостроение
ООО НЕКСТБИО;ВАО;район Новогиреево;Фармацевтическая промышленность
ФГУП РСВО;ВАО;район Соколиная Гора;Химическая промышленность
ООО ЮНИКОН-ЗСК;ВАО;район Новогиреево;Производство строительных материалов
ООО ТПК ФЕЛИКС;ВАО;район Косино-Ухтомский;Производство прочих товаров народного потребления
АО ИНСТИТУТ ЭНЕРГОСЕТЬПРОЕКТ;ВАО;район Соколиная Гора;Научная деятельность
АО АВЭКС;ВАО;район Соколиная Гора;Радиоэлектроника и приборостроение
ООО СЗ МПЖБ-18;ВАО;район Метрогородок;Производство строительных материалов
ООО АГРОБАР ПРО;ВАО;район Перово;Пищевая промышленность
ООО НПК ГЕРМЕТИКА;ВАО;район Метрогородок;Общее машиностроение
ООО БЕНТУС ЛАБОРАТОРИИ;ВАО;район Метрогородок;Химическая промышленность
ООО Т8;ВАО;район Богородское;Радиоэлектроника и приборостроение
ООО НПО ЛИТ;ВАО;район Богородское;Общее машиностроение
ООО ЭРСТВАК;ВАО;район Гольяново;Приборостроение и электроника
ООО НПП РАДАР-ПРИБОР;ВАО;район Перово;Радиоэлектроника и приборостроение
ООО ДЖИЭСЭС КОСМЕТИКС;ВАО;район Метрогородок;Химическая промышленность
ООО ИНТЕРНЕТ РЕШЕНИЯ;ВАО;район Соколиная Гора;Пищевая промышленность
ООО ГАЙ - КОМПЛЕКТ;ВАО;район Богородское;Химическая промышленность
ФГУП АВИАКОМПЛЕКТ;ВАО;район Сокольники;Научная деятельность
ФГУП 18 ЦНИИ МО РФ;ВАО;район Новогиреево;Научная деятельность
АО ВОЕНТЕЛЕКОМ;ВАО;район Сокольники;Радиоэлектроника и приборостроение
ФГБУ 3 ЦНИИ МИНОБОРОНЫ РОССИИ;ВАО;район Богородское;Научная деятельность
ООО МЕЛЬКОМБИНАТ В СОКОЛЬНИКАХ;ВАО;район Сокольники;Пищевая промышленность
ООО ГЛОБУС;ВАО;район Гольяново;Полиграфическая деятельность
ООО НПК ЭЛЕКТРООПТИКА;ВАО;район Сокольники;Научная деятельность
ООО ВИТО-1;ВАО;район Соколиная Гора;Пищевая промышленность
АО СФЕРА;ВАО;район Перово;Полиграфическая деятельность
АО МИКРОВОЛНОВЫЕ СИСТЕМЫ;ВАО;район Гольяново;Радиоэлектроника и приборостроение
АО МЭЛ;ВАО;район Гольяново;Производство  подъемно-транспортного оборудования
АО САГА ТЕХНОЛОГИИ;ВАО;район Гольяново;"Радиоэлектроника и приборостроение
"
ООО ГРАДЛИФТ;ВАО;район Гольяново;Общее машиностроение (в т.ч. оборудование пищевой переработки, дорожностр и сельскохозя техника)
ООО АЭРОМАКС;ВАО;район Косино-Ухтомский;"Авиационная промышленность
"
ООО ДЫМОВСКОЕ КОЛБАСНОЕ ПРОИЗВОДСТВО ;ЗАО;район Крылатское;Пищевая промышленность
ООО МПЗ СЕТУНЬ ;ЗАО;Можайский район;Пищевая промышленность
ООО МПЗ Рублевский ;ЗАО;Можайский район;Пищевая промышленность
ЗАО ХЛЕБОЗАВОД № 22 ;ЗАО;район Кунцево;Пищевая промышленность
ООО ФИЛИ-БЕЙКЕР ;ЗАО;район Филёвский Парк;Пищевая промышленность
АО ФАБРИКА РУССКИЙ ШОКОЛАД ;ЗАО;Можайский район;Пищевая промышленность
ОАО МКШВ ;ЗАО;район Очаково-Матвеевское;Пищевая промышленность
ЗАО МПБК ОЧАКОВО ;ЗАО;район Очаково-Матвеевское;Пищевая промышленность
ООО КОКА-КОЛА ЭЙЧБИСИ ЕВРАЗИЯ  ФЛ Г МОСКВА;ЗАО;район Ново-Переделкино;Пищевая промышленность
ООО Термопол ;ЗАО;район Очаково-Матвеевское;Легкая промышленность
ЗАО ЛАМБУМИЗ ;ЗАО;район Очаково-Матвеевское;Целлюлозно-бумажная промышленность, издательская и полиграфическая деятельность
ООО Завод РТИ-КАУЧУК ;ЗАО;район Очаково-Матвеевское;Резиновые и пластмассовые изделия
ООО ПИК-ПРОФИЛЬ ;ЗАО;район Очаково-Матвеевское;Резиновые и пластмассовые изделия
АО ВОЗДУХОТЕХНИКА ;ЗАО;район Очаково-Матвеевское;Металлообрабатывающая промышленность
ЗАО ГАЗЕТА НОВЫЕ ИЗВЕСТИЯ ;ЗАО;район Фили-Давыдково;Целлюлозно-бумажная промышленность, издательская и полиграфическая деятельность
ООО НПП ПОЛИПЛАСТИК ;ЗАО;район Очаково-Матвеевское;Химическая промышленность
ООО ИЗВАРИНО ФАРМА ;ЗАО;район Внуково;Химическая промышленность
АО 2 МПЗ ;ЗАО;район Очаково-Матвеевское;Электрооборудование, электронное и оптическое оборудование, мед. оборудование
АО КБ НАВИС ;ЗАО;Дмитровский район;Электрооборудование, электронное и оптическое оборудование, мед. оборудование
АО ЛАЗЕРСЕРВИС ;ЗАО;Можайский район;Транспортные средства
ООО МЮЗ ЭЛИТ ;ЗАО;район Фили-Давыдково;Ювелирные изделия
ПАО Мосточлегмаш ;ЗАО;Можайский район;Машины и оборудование
ОАО Мосэлектрощит ;ЗАО;Можайский район;Производство электрического оборудования
ООО КУНЦЕВО - ЭЛЕКТРО ;ЗАО;район Кунцево;Производство электрического оборудования
ООО ЛОТЕС ТМ ;ЗАО;район Филёвский Парк;Производство компьютеров, электронных и оптических изделий
АО ГПТП ГРАНИТ ;ЗАО;район Кунцево;Ремонт машин и оборудования
АО ОБОРОНИТЕЛЬНЫЕ СИСТЕМЫ ;ЗАО;Можайский район;Машины и оборудование
ООО БИМБО КЬЮЭСАР РУС ;ЗАО;район Ново-Переделкино;пищевая промышленность
"АО ГТП
";ЗАО;район Очаково-Матвеевское;Производство резиновых и пластмассовых изделий
"ОАО ВИЛС
";ЗАО;Можайский район;Научные исследования и разработки 
"АО КОНЦЕРН ВКО АЛМАЗ - АНТЕЙ
";ЗАО;Можайский район;"Производство оружия и боеприпасов
"
"АО НПО МРТЗ
";ЗАО;Можайский район;"Приборостроение и электроника
"
ООО ФОРМТЕКС-ГШФ;ЗАО;район Очаково-Матвеевское;"Легкая промышленность
"
"ФГБУ НИИ ВОСХОД
";ЗАО;район Раменки;"Микроэлектроника
"
"ООО ЦБИ МАСКОМ
";ЗАО;Можайский район;"Приборостроение и электроника
"
"ООО ГК ИРА-ПРОМ
";ЗАО;район Крылатское;"Кабельная промышленность
"
"ООО ПЕРВЕНСТВОТОРГ 
";ЗАО;район Проспект Вернадского;Операции с недвижимым имуществом
АО КОНЦЕРН ВЕГА;ЗАО;район Дорогомилово;Радиоэлектроника и приборостроение
ООО ТД ВОЛКОНСКИЙ;ЗАО;район Дорогомилово;Пищевая промышленность
АО ГКНПЦ ИМ. М.В. ХРУНИЧЕВА;ЗАО;район Филёвский Парк;Авиационная промышленность
АО КБ КУНЦЕВО;ЗАО;Можайский район;Радиоэлектроника и приборостроение
ФГУП ВНИИОФИ;ЗАО;район Очаково-Матвеевское;Радиоэлектроника и приборостроение
АО ЦНИИ ДЕЛЬФИН;ЗАО;район Очаково-Матвеевское;Микроэлектроника
ООО КЬЮТЭК;ЗАО;район Очаково-Матвеевское;Приборостроение и электроника
ООО АКСИТЕХ СЕРВИС ;ЗАО;район Очаково-Матвеевское;Радиоэлектроника и приборостроение
АО ЦНИТИ ТЕХНОМАШ;ЗАО;район Фили-Давыдково;Общее машиностроение
ООО ГРУППА ПОЛИПЛАСТИК;ЗАО;район Очаково-Матвеевское;Химическая промышленность
ООО ГРУППА ПОЛИМЕРТЕПЛО;ЗАО;район Очаково-Матвеевское;Химическая промышленность
АО НТЦ РЕАГЕНТ;ЗАО;Можайский район;Общее машиностроение
ООО ФАБРИКА ГУД-ФУД;ЗАО;район Очаково-Матвеевское;Пищевая промышленность
ФГБУ НМИЦК ИМ. АК. Е.И. ЧАЗОВАМИНЗДРАВА РОССИИ;ЗАО;район Кунцево;Медицинская промышленность
ФИЦ ХФ РАН;ЗАО;район Раменки;Химическая промышленность
ЦТП ФХФ РАН;ЗАО;район Раменки;Химическая промышленность
АО ОПК;ЗАО;Можайский район;Радиоэлектроника и приборостроение
ООО ПИК-МОДУЛЬ ;ЗАО;район Очаково-Матвеевское;Производство строительных материалов
ФГБУ ВНИИОФИ;ЗАО;район Очаково-Матвеевское;"Радиоэлектроника и приборостроение
"
ООО ГЭХ СИСТЕМЫ КОНТРОЛЯ;ЗАО;район Фили-Давыдково;"Радиоэлектроника и приборостроение
"
АО ХЛЕБОЗАВОД №28 ;Зеленоград;район Силино;Пищевая промышленность
ООО ССТ ;Зеленоград;район Матушкино;Химическая промышленность
ЗАО ЛОГИКА ;Зеленоград;район Старое Крюково;Химическая промышленность
ООО НПП ДОЗА ;Зеленоград;район Старое Крюково;Производство компьютеров, электронных и оптических изделий
АО НТЦ ЭЛИНС ;Зеленоград;район Матушкино;Производство компьютеров, электронных и оптических изделий
ОАО ПО ЗАВОД СТЕЛЛА ;Зеленоград;район Матушкино;Производство электрического оборудования
ООО МИКРОЛИТ ;Зеленоград;район Старое Крюково;Производство компьютеров, электронных и оптических изделий
АО НИИ ЭЛПА ;Зеленоград;район Матушкино;Научные исследования и разработки
АО АНГСТРЕМ ;Зеленоград;район Старое Крюково;Производство компьютеров, электронных и оптических изделий
АО ЗАВОД КОМПОНЕНТ ;Зеленоград;район Силино;Производство компьютеров, электронных и оптических изделий
ООО Кондитерская фабрика БОГАТЫРЬ ;Зеленоград;район Матушкино;пищевая промышленность
АО БИННОФАРМ;Зеленоград;район Матушкино;химическая промышленность
ООО Маргзавод ;Зеленоград;район Старое Крюково;пищевая промышленность
ПАО МИКРОН;Зеленоград;район Матушкино;Производство компьютеров, электронных и оптических изделий
"АО НИИСУБМИКРОН
";Зеленоград;район Старое Крюково;Научные исследования и разработки 
"АО ПКК МИЛАНДР
 ";Зеленоград;район Старое Крюково;Научные исследования и разработки 
ОАО НПК НИИДАР;Зеленоград;район Аэропорт;Производство компьютеров, электронных и оптических изделий
"АО Ангстрем-Т
";Зеленоград;район Старое Крюково;Микроэлектроника
ООО НПП ЭЛЕМЕР ;Зеленоград;район Савёлки;Радиоэлектронная промышленность
АО ГК ЭЛЕКТРОНИНВЕСТ;Зеленоград;район Старое Крюково;Микроэлектроника
"АО ЗАВОД ПРОТОН
";Зеленоград;район Старое Крюково;"Приборостроение и электроника
"
"ООО КОМПАНИЯ ЭЛТА
";Зеленоград;район Матушкино;"Медицинская промышленность
"
"ООО ФОРТУС
";Зеленоград;район Савёлки;"Производство строительных материалов
"
АО ЭПИЭЛ;Зеленоград;район Матушкино;"Микроэлектроника
"
"ЗАО ГЕАТЕХ
";Зеленоград;район Савёлки;"Металлургия и металлообработка
"
"ООО РЕЗОНИТ
";Зеленоград;район Старое Крюково;"Микроэлектроника
"
"АО РАДИУС АВТОМАТИКА
";Зеленоград;район Матушкино;"Микроэлектроника
"
"ООО МОНЕТНЫЙ ДВОР УНИВЕРС
";Зеленоград;район Матушкино;"Пищевая промышленность
"
"ООО КВАНТ
";Зеленоград;район Матушкино;"Приборостроение и электроника
"
ООО РАДИС ЛТД;Зеленоград;район Старое Крюково;Приборостроение и электроника
"АО НПЦ НИИМП
";Зеленоград;район Старое Крюково;"Микроэлектроника
"
ООО ИОКОГАВА ЭЛЕКТРИК СНГ;Зеленоград;район Матушкино;Радиоэлектроника и приборостроение
ООО НПК ОПТОЛИНК;Зеленоград;район Савёлки;Радиоэлектроника и приборостроение
АО НПО АНГСТРЕМ;Зеленоград;район Старое Крюково;Радиоэлектроника и приборостроение
АО НИИМЭ;Зеленоград;район Матушкино;Радиоэлектроника и приборостроение
НПК ТЕХНОЛОГИЧЕСКИЙ ЦЕНТР;Зеленоград;район Старое Крюково;Радиоэлектроника и приборостроение
АО НПЦ ЭЛВИС;Зеленоград;район Старое Крюково;Радиоэлектроника и приборостроение
АО ЗИТЦ;Зеленоград;район Старое Крюково;Радиоэлектроника и приборостроение
ООО НМ-ТЕХ;Зеленоград;район Старое Крюково;Радиоэлектроника и приборостроение
АО ЗНТЦ;Зеленоград;район Старое Крюково;Радиоэлектроника и приборостроение
ООО АЙЭМТИ;Зеленоград;район Силино;Радиоэлектроника и приборостроение
АО НИИТМ;Зеленоград;район Матушкино;Радиоэлектроника и приборостроение
ООО АЛТ МАСТЕР;Зеленоград;район Матушкино;Радиоэлектроника и приборостроение
АО ЭЛВИС-НЕОТЕК;Зеленоград;район Старое Крюково;Радиоэлектроника и приборостроение
АО НИИ МВ;Зеленоград;район Старое Крюково;Химическая промышленность
ООО НТЦ АМПЛИТУДА;Зеленоград;район Силино;Приборостроение и электроника
ООО ФИРМА АНКАД;Зеленоград;район Старое Крюково;Металлургия и металлообработка
ООО СМАРТ СИСТЕМЗ;Зеленоград;район Крюково;Полиграфическая деятельность
ООО ФЭМИЛИ РОК;Зеленоград;район Крюково;Легкая промышленность
ООО С-ТЕРРА СИЭСПИ;Зеленоград;район Силино;Научная деятельность
ООО МИЛУР ИС ;Зеленоград;район Старое Крюково;Радиоэлектроника и приборостроение
ООО МПФ СОЮЗПАК ;НАО;поселение Марушкинское;Целлюлозно-бумажная промышленность, издательская и полиграфическая деятельность
ООО ОКОННАЯ МАНУФАКТУРА ;НАО;поселение Мосрентген;Резиновые и пластмассовые изделия
ЗАО РХИ Подольские огнеупоры ;НАО;поселение Щербинка;Неметаллические минеральные продукты
ОАО ЩЛЗ ;НАО;поселение Щербинка;Машины и оборудование
ЗАО Щербинка ОТИС Лифт ;НАО;поселение Щербинка;Машины и оборудование
ЗАО Фирн М ;НАО;поселение Кокошкино;Химическая промышленность
ФГБНУ ФНЦИРИП ИМ. М.П. ЧУМАКОВА РАН;НАО;поселение Московский;Химическая промышленность
ЗАО АКВА- ЕРИНО;НАО;поселение Рязановское;пищевая промышленность
ООО НТЦ БАКОР ;НАО;поселение Щербинка;Строительно-дорожное и коммунальное машиностроение
АО ВИКА МЕРА;НАО;поселение Сосенское;Оборудование компьютерное, электронное и оптическое
ООО ЗЕЛЬГРОС;НАО;поселение Внуковское;"Пищевая промышленность
"
"АО ПЛАКАРТ
";НАО;поселение Щербинка;"Металлургия и металлообработка
"
"АО ТЕТИС ПРО
";НАО;поселение Сосенское;"Приборостроение и электроника
"
"ЗАО ТПКЛИНКОС
";НАО;поселение Щербинка;"Приборостроение и электроника
"
"АО 99 ЗАТО
";НАО;поселение Щербинка;"Авиационная промышленность
"
"ООО НПО ПРОМЕТ
";НАО;поселение Сосенское;"Металлургия и металлообработка
"
"ООО СЛАВКОФЕ
";НАО;поселение Щербинка;"Пищевая промышленность
"
"ООО КСБ
";НАО;поселение Сосенское;"Микроэлектроника
"
"ООО РАДИОТЕХНИКА
";НАО;поселение Десеновское;"Приборостроение и электроника
"
ФГАНУ ФНЦИРИП ИМ. М.П. ЧУМАКОВА РАН (ИНСТИТУТ ПОЛИОМИЕЛИТА);НАО;поселение Московский;Фармацевтическая промышленность
ООО ФИРН М;НАО;поселение Кокошкино;Фармацевтическая промышленность
ООО МОССТРОЙ-31;НАО;поселение Марушкинское;Производство строительных материалов
ООО АЛЬТА-ПАНЕЛЬ;НАО;поселение Щербинка;Химическая промышленность
ООО СТАН;НАО;поселение Рязановское;Станкоинструментальная промышленность
ООО ЛЕЙТЦ ИНСТРУМЕНТЫ;НАО;поселение Мосрентген;"Станкоинструментальная промышленность
"
АО МЕРИДИАН ;САО;район Западное Дегунино;Пищевая промышленность
АО ВБД ;САО;район Восточное Дегунино;Пищевая промышленность
АО МЕЛЬКОМБИНАТ №3 ;САО;Хорошёвский район;Пищевая промышленность
ЗАО  Хлебозавод № 24 ;САО;район Сокол;Пищевая промышленность
ЗАО Хлебозавод N18 ;САО;район Аэропорт;Пищевая промышленность
АО Издательство Детская литература ;САО;район Аэропорт;Целлюлозно-бумажная промышленность, издательская и полиграфическая деятельность
ООО АКТИОН-ПРЕСС ;САО;Тимирязевский район;Целлюлозно-бумажная промышленность, издательская и полиграфическая деятельность
ООО ИЗДАТЕЛЬСТВО ЭКСМО ;САО;Хорошёвский район;Целлюлозно-бумажная промышленность, издательская и полиграфическая деятельность
АО МВКЗ КИН ;САО;район Левобережный;Пищевая промышленность
ЗАО НПО ДИНАФОРС ;САО;Хорошёвский район;Легкая промышленность
ООО Тримонти ;САО;район Беговой;Легкая промышленность
АО СВОБОДА ;САО;Савёловский район;Химическая промышленность
ООО БЕКАМ ;САО;район Левобережный;Неметаллические минеральные продукты
АО ПАРАСТЕК БЕТОН ;САО;Хорошёвский район;Неметаллические минеральные продукты
ООО ЭПУ-ИТЦ ;САО;район Коптево;Металлообрабатывающая промышленность
ЗАО 66 МОЗ ;САО;Головинский район;Металлообрабатывающая промышленность
ОАО НПП Темп  им.Ф.Короткова ;САО;район Беговой;Машины и оборудование
ООО СУ-162 МОСЛИФТМОНТАЖ ;САО;район Аэропорт;Машины и оборудование
ОАО МОСЛИФТ ;САО;район Беговой;Машины и оборудование
АНО ПАРЛАМЕНТСКАЯ ГАЗЕТА ;САО;район Беговой;Целлюлозно-бумажная промышленность, издательская и полиграфическая деятельность
ЗАО ИД ЭКОНОМИЧЕСКАЯ ГАЗЕТА ;САО;район Аэропорт;Целлюлозно-бумажная промышленность, издательская и полиграфическая деятельность
ФГБУ РЕДАКЦИЯ РОССИЙСКОЙ ГАЗЕТЫ ;САО;район Беговой;Целлюлозно-бумажная промышленность, издательская и полиграфическая деятельность
АО ИЗДАТЕЛЬСТВО РОССИЙСКАЯ ГАЗЕТА ;САО;район Беговой;Целлюлозно-бумажная промышленность, издательская и полиграфическая деятельность
АНО Редакция газеты Правда ;САО;район Беговой;Целлюлозно-бумажная промышленность, издательская и полиграфическая деятельность
ООО РЕДАКЦИЯ ГАЗЕТЫ СОВЕТСКИЙ СПОРТ ;САО;Савёловский район;Целлюлозно-бумажная промышленность, издательская и полиграфическая деятельность
ЗАО Издательство СЕМЬ ДНЕЙ ;САО;Войковский район;Целлюлозно-бумажная промышленность, издательская и полиграфическая деятельность
АО МОСКОВСКИЕ УЧЕБНИКИ ;САО;Хорошёвский район;Целлюлозно-бумажная промышленность, издательская и полиграфическая деятельность
ООО ПЕРВЫЙ ПЕЧАТНЫЙ ДВОР ;САО;Войковский район;Целлюлозно-бумажная промышленность, издательская и полиграфическая деятельность
ООО ФИРМА АЛЬФА-ДИЗАЙН ;САО;район Коптево;Целлюлозно-бумажная промышленность, издательская и полиграфическая деятельность
ОАО Аурат ;САО;Головинский район;Химическая промышленность
ЗАО МОСКОВСКАЯ ФАРМАЦЕВТИЧЕСКАЯ ФАБРИКА ;САО;район Коптево;Химическая промышленность
ФГУП МОСКОВСКОЕ ПРОП  МИНТРУДА РОССИИ;САО;район Западное Дегунино;Медицинское оборудование
ПАО НПО АЛМАЗ ;САО;район Сокол;Радиоэлектронная промышленность
АО ДУКС ;САО;район Беговой;Транспортные средства
ПАО КОМПАНИЯ СУХОЙ ;САО;Хорошёвский район;Транспортные средства
ООО КОМПАНИЯ АТЛАС-ЛЮКС ;САО;район Аэропорт;Мебель
ООО Дрим Технолоджис ;САО;Войковский район;Мебель
ООО Мебельная фабрика Марта ;САО;Головинский район;Мебель
АО АЛМАЗНЫЙ МИР ;САО;Головинский район;Ювелирные изделия
АО МЭЮЗ Ювелирпром ;САО;район Ховрино;Ювелирные изделия
АО НАВИС-ЭЛЕКТРОНИКА ;САО;Дмитровский район;Машины и оборудование
ОАО МЗПИ ;САО;Хорошёвский район;Машины и оборудование
АО ВМЗ ;САО;Бескудниковский район;Производство компьютеров, электронных и оптических изделий
АО СПЕЦМАГНИТ ;САО;Бескудниковский район;Производство электрического оборудования
АО СВЯЗЬ ИНЖИНИРИНГ ;САО;Савёловский район;Производство электрического оборудования
ШВЕЙНАЯ ФИРМА КОСМОС  ООО;САО;район Западное Дегунино;Легкая промышленность
ООО С.Д.ДАЙМОНД ;САО;Головинский район;Ювелирные изделия
"ЗАО СОЛНЦЕ МЕХИКО
";САО;район Западное Дегунино;пищевая промышленность
"АО МЦУ
";САО;Хорошёвский район;Производство бумаги и бумажных изделий
ЗАО ХАМИЛЬТОН СТАНДАРД-НАУКА;САО;Савёловский район;Производство машин и оборудования
"АО НПП РАДИЙ
 ";САО;район Аэропорт;Производство компьютеров, электронных и оптических изделий
"ЗАО МЗТО
 ";САО;Головинский район;Производство мебели
"АО ММЗ АВАНГАРД
";САО;Войковский район;Производство оружия и боеприпасов
"ПАО НПО НАУКА
";САО;район Беговой;Авиационная промышленность
ООО ДЕКОН;САО;Войковский район;Деревообрабатывающая
АО НПП ДЕЛЬТА;САО;район Коптево;Оружие и боеприпасы
"АО МПО ИМ. И. РУМЯНЦЕВА

";САО;район Беговой;Производство прочих транспортных средств и оборудования
"АО ММЗ ЗНАМЯ
";САО;район Западное Дегунино;Производство прочих транспортных средств и оборудования
ФГУП ГОСНИИАС ;САО;Хорошёвский район;Авиационная промышленность
АО РСК МИГ;САО;район Беговой;Авиационная промышленность
"ПАО КОРПОРАЦИЯ ИРКУТ
";САО;район Аэропорт;"Авиационная промышленность
"
"АО КОНЦЕРН РТИ СИСТЕМЫ
";САО;Савёловский район;"Приборостроение и электроника
"
"ФГУП НИИ КВАНТ
";САО;Головинский район;"Приборостроение и электроника
"
"АО НИИЧАСПРОМ
";САО;район Аэропорт;"Приборостроение и электроника
"
АО ВНИИ ЭТАЛОН;САО;район Беговой;"Производство оружия и боеприпасов
"
"ООО ТМ-МОСКВА
";САО;район Коптево;"Химическая промышленность
"
АО РТИ;САО;Савёловский район;Приборостроение и электроника
"ООО БТ СВАП
";САО;Дмитровский район;"Производство строительных материалов
"
"АО РФК
";САО;Головинский район;"Фармацевтическая промышленность
"
"ООО ТЕЛЕКОР
";САО;район Беговой;"Приборостроение и электроника
"
"АО СПЕЦТЕХМАШ
";САО;район Аэропорт;"Производство оружия и боеприпасов
"
"ООО АСТРА ПРЕСТИЖ
";САО;Молжаниновский район;"Химическая промышленность
"
ФГУП ЦИТО;САО;район Коптево;Медицинская промышленность
АО НТЦ МОДУЛЬ;САО;район Аэропорт;Радиоэлектроника и приборостроение
ООО ДСК-ПРОИЗВОДСТВО;САО;Хорошёвский район;Производство строительных материалов
АО ФАЗОТРОН-ВМЗ;САО;Бескудниковский район;Радиоэлектроника и приборостроение
АО НИМИ ИМ. В.В. БАХИРЕВА;САО;Головинский район;Производство оружия, боеприпасов, спецхимии, военных машин
АО НИИ СТАЛИ;САО;район Восточное Дегунино;Производство оружия, боеприпасов, спецхимии, военных машин
ФГУП НАМИ;САО;Головинский район;Автомобильная промышленность
ПАО ИЛ;САО;Хорошёвский район;Авиационная промышленность
АО ГНЦ ЦЕНТР КЕЛДЫША;САО;Головинский район;Авиационная промышленность
ПАО МИЭА;САО;район Аэропорт;Радиоэлектроника и приборостроение
ФАУ ГОСНИИАС;САО;Хорошёвский район;Авиационная промышленность
АО МНПК АВИОНИКА;САО;район Беговой;Радиоэлектроника и приборостроение
ООО ФАРМУПАК;САО;район Коптево;Деревообрабатывающая
ООО БЕЛЫЙ СВЕТ 2000;САО;район Сокол;Приборостроение и электроника
АО НИИМА ПРОГРЕСС;САО;район Коптево;Радиоэлектроника и приборостроение
ООО ЗСА РИТМ;САО;район Восточное Дегунино;Медицинская промышленность
ООО КОНМЕТ;САО;Головинский район;Медицинская промышленность
АО СЕТ-1;САО;Савёловский район;Радиоэлектроника и приборостроение
АО ИМЦ КОНЦЕРНА ВЕГА;САО;район Аэропорт;Радиоэлектроника и приборостроение
ФГУП ГОСНИИ ГА;САО;район Коптево;Авиационная промышленность
ФГБУ 27 ЦНИИ МИНОБОРОНЫРОССИИ;САО;Хорошёвский район;Химическая промышленность
ООО НПФ СИНТОЛ;САО;Тимирязевский район;Металлургия и металлообработка
АО СВОБОДА;САО;Савёловский район;Химическая промышленность
АО СТ-АВТО;САО;Молжаниновский район;Автомобильная промышленность
АО ЦНИИПРОМЗДАНИЙ;САО;Тимирязевский район;Производство строительных материалов
АО НПК ВТ И СС;САО;Савёловский район;Радиоэлектроника и приборостроение
ООО НПК ШТУРМОВИКИ СУХОГО;САО;Хорошёвский район;Авиационная промышленность
ЗАО ТОП СИСТЕМЫ;САО;Тимирязевский район;Научная деятельность
ФКП НПЦ ДЕЛЬТА;САО;район Левобережный;Радиоэлектроника и приборостроение
ИТПЭ РАН;САО;Дмитровский район;Научная деятельность
АО НПО МОБИЛЬНЫЕ ИНФОРМАЦИОННЫЕ СИСТЕМЫ;САО;Головинский район;Научная деятельность
АО МКБ ИСКРА;САО;район Беговой;Производство оружия, боеприпасов, спецхимии, военных машин
АО ОКБ ИМ. А.С. ЯКОВЛЕВА;САО;район Аэропорт;Авиационная промышленность
ООО РТИТС;САО;Савёловский район;"Радиоэлектроника и приборостроение
"
ФЛ ФКП РОСГОСЦИРК МХПК;САО;Тимирязевский район;"Легкая промышленность
"
ООО А-ТЕХНИКС;САО;Молжаниновский район;"Авиационная промышленность
"
ОАО ОМПК ;СВАО;Бутырский район;Пищевая промышленность
ОАО ОМК ;СВАО;Бутырский район;Пищевая промышленность
ОАО КАРАТ ;СВАО;Бутырский район;Пищевая промышленность
АО БРПИ ;СВАО;Бутырский район;Пищевая промышленность
ЗАО ОЗБИ ;СВАО;Бутырский район;Пищевая промышленность
ОАО ЯУЗА-ХЛЕБ ;СВАО;район Ростокино;Пищевая промышленность
ЗАО ХЛЕБОКОМБИНАТ ПЕКО ;СВАО;район Северное Медведково;Пищевая промышленность
ООО Юнайтед Пресс ;СВАО;район Марьина Роща;Целлюлозно-бумажная промышленность, издательская и полиграфическая деятельность
АО ИЗДАТЕЛЬСТВО ПРОСВЕЩЕНИЕ ;СВАО;район Марьина Роща;Целлюлозно-бумажная промышленность, издательская и полиграфическая деятельность
ООО ЛЕОВИТ НУТРИО ;СВАО;район Отрадное;Пищевая промышленность
ОАО ОЗН ;СВАО;Бутырский район;Пищевая промышленность
ООО Серебряная нить Лтд ;СВАО;район Лианозово;Легкая промышленность
ЗАО МЕДВЕДКОВО ;СВАО;район Северное Медведково;Легкая промышленность
АО СТРОЙДЕТАЛЬ ;СВАО;Бабушкинский район;Резиновые и пластмассовые изделия
ООО БРААС-ДСК 1;СВАО;район Свиблово;Неметаллические минеральные продукты
ОАО ЛЗСМИК ;СВАО;район Южное Медведково;Неметаллические минеральные продукты
МТФ - ЗАВОД МОКОН -ФЛ ОАО МОСТОТРЕСТ ;СВАО;район Южное Медведково;Неметаллические минеральные продукты
ООО СТРОЙЦЕНТРОБЕТОН ;СВАО;район Южное Медведково;Неметаллические минеральные продукты
АО КОМБИНАТ МОСИНЖБЕТОН ;СВАО;район Южное Медведково;Неметаллические минеральные продукты
ОАО  САНДВИК-МКТС ;СВАО;район Марьина Роща;Металлообрабатывающая промышленность
ОАО САТЭКС ;СВАО;район Марьина Роща;Металлообрабатывающая промышленность
ОАО НПО ГИДРОМАШ ;СВАО;Алексеевский район;Машины и оборудование
ЗАО ШИНДЛЕР ;СВАО;Алексеевский район;Машины и оборудование
ООО СПЕЦЭНЕРГОРЕМОНТ ;СВАО;Останкинский район;Машины и оборудование
ООО НСК ЕВРОСЕРВИС ;СВАО;Алексеевский район;Машины и оборудование
ООО ИЗДАТЕЛЬСКИЙ ЦЕНТР АКАДЕМИЯ ;СВАО;Останкинский район;Целлюлозно-бумажная промышленность, издательская и полиграфическая деятельность
ЗАО БИЗНЕС НЬЮС МЕДИА ;СВАО;район Марьина Роща;Целлюлозно-бумажная промышленность, издательская и полиграфическая деятельность
ОАО МОСКОВСКАЯ СПЕЦИАЛИЗИРОВАННАЯ ТИПОГРАФИЯ №27 ;СВАО;район Северное Медведково;Целлюлозно-бумажная промышленность, издательская и полиграфическая деятельность
ООО ИПТК Логосвос ;СВАО;Алексеевский район;Целлюлозно-бумажная промышленность, издательская и полиграфическая деятельность
ФГУП ИЗДАТЕЛЬСТВО ИЗВЕСТИЯ ;СВАО;Бутырский район;Целлюлозно-бумажная промышленность, издательская и полиграфическая деятельность
АО МНМЗ ;СВАО;Ярославский район;Нефтепереработка
ООО СТОЛИЧНЫЙ ЮВЕЛИРНЫЙ ЗАВОД ;СВАО;район Отрадное;Ювелирные изделия
ФГУП ЭЗ МОЛМАШ ;СВАО;Бутырский район;Машины и оборудование
АО АЭРОЭЛЕКТРОМАШ ;СВАО;Бутырский район;Производство электрического оборудования
ЛОСИНООСТРОВСКИЙ ЭТЗ - ФЛ ОАО ЭЛТЕЗА ;СВАО;Бабушкинский район;Электрооборудование, электронное и оптическое оборудование, мед. оборудование
ЗАО Крафтвэй корпорейшн ПЛС;СВАО;Алексеевский район;Производство компьютеров, электронных и оптических изделий
ООО ЭЛЕКТРОПРОМ ;СВАО;Алексеевский район;Производство электрического оборудования
АО ОЛИВЕСТА;СВАО;район Марьина Роща;химическая промышленность
ООО ФАЦЕР;СВАО;Останкинский район;пищевая промышленность
ООО ЛЕОВИТ нутрио;СВАО;район Отрадное;пищевая промышленность
АО ВГ КОНТУРС;СВАО;район Южное Медведково;Деятельность полиграфическая 
"ПАО НПП ИМПУЛЬС
 ";СВАО;Алексеевский район;Производство оружия и боеприпасов
ООО Морской замок;СВАО;район Отрадное;пищевая промышленность
"АО ИРКОС
";СВАО;Останкинский район;Радиоэлектронная промышленность
"АО ЦНИИАГ
";СВАО;район Марьина Роща;"Авиационная промышленность
"
"ООО НПП СЭМ
";СВАО;район Отрадное;"Химическая промышленность
"
"ОАО МПОВТИ
";СВАО;Останкинский район;"Производство оружия и боеприпасов
"
"ООО ЮК ЭСТЕТ
";СВАО;район Марьина Роща;"Производство прочих товаров народного потребления
"
"АО АЛЬБАТРОС
";СВАО;район Марьина Роща;"Станкоинструментальная промышленность
"
"ООО ПОЛЯНА
";СВАО;район Ростокино;"Пищевая промышленность
"
"ООО ЭКС МОРЭ
";СВАО;район Марфино;"Производство строительных материалов
"
ООО ТВЕРДЬ;СВАО;район Свиблово;Пищевая промышленность
АО КОНЦЕРН АВТОМАТИКА;СВАО;район Марфино;Радиоэлектроника и приборостроение
АО ГОСНИИП;СВАО;район Ростокино;Радиоэлектроника и приборостроение
АО НТЦ АТЛАС;СВАО;район Марьина Роща;Радиоэлектроника и приборостроение
АО НИИ КУЛОН;СВАО;Останкинский район;Радиоэлектроника и приборостроение
ОАО АРСП;СВАО;район Свиблово;Производство строительных материалов
ООО ЭССИЛОР - ЛУЙС-ОПТИКА;СВАО;Бутырский район;Радиоэлектроника и приборостроение
АО НИИ ТП;СВАО;район Отрадное;Радиоэлектроника и приборостроение
АО НПП КВАНТ;СВАО;Алексеевский район;Авиационная промышленность
АО СКТБЭ;СВАО;район Ростокино;Химическая промышленность
ООО НПП СВК;СВАО;Бутырский район;Радиоэлектроника и приборостроение
ООО ТЕЛЕМАТИЧЕСКИЕ РЕШЕНИЯ;СВАО;район Северный;Радиоэлектроника и приборостроение
АО КОРПОРАЦИЯ МИТ;СВАО;район Отрадное;Научная деятельность
АО МКПК УНИВЕРСАЛ ИМ. А.И. ПРИВАЛОВА;СВАО;Алтуфьевский район;Авиационная промышленность
АО НИИХИММАШ;СВАО;Бутырский район;Химическая промышленность
ООО ЗАВОД АРМИКОН;СВАО;Алтуфьевский район;Производство строительных материалов
АО ЛАНИТ;СВАО;Останкинский район;Производство компьютеров, электронных и оптических изделий
ООО ЭЛЕКТРОРЕШЕНИЯ;СВАО;район Отрадное;Радиоэлектроника и приборостроение
ООО ДСК1-РОСТОКИНО;СВАО;район Свиблово;Производство строительных материалов
ООО ГОРОДСКОЙ СУПЕРМАРКЕТ;СВАО;Бутырский район;Пищевая промышленность
ООО ХЛЕБОКОМБИНАТ ПЕКО;СВАО;район Северное Медведково;Пищевая промышленность
АО НИКИМТ-АТОМСТРОЙ;СВАО;Алтуфьевский район;Производство строительных материалов
АО НТЦ РАДАР;СВАО;Алтуфьевский район;Научная деятельность
ООО НАУЧНО-ИЗДАТЕЛЬСКИЙ ЦЕНТР ИНФРА-М;СВАО;район Северное Медведково;Полиграфическая деятельность
АО ИНФОТЕКС;СВАО;район Отрадное;Радиоэлектроника и приборостроение
АО НПП ТОПАЗ;СВАО;Алексеевский район;Радиоэлектроника и приборостроение
ФГБУ 46 ЦНИИ МИНОБОРОНЫРОССИИ;СВАО;Бабушкинский район;Научная деятельность
ФГУП НТЦ ОРИОН;СВАО;район Марьина Роща;Научная деятельность
АО НПО АНДРОИДНАЯ ТЕХНИКА;СВАО;район Текстильщики;Общее машиностроение
ФЛ ОКБ ИМ А.ЛЮЛЬКИ;СВАО;Алексеевский район;"Авиационная промышленность
"
ООО ЭКСПЕРТСТРОЙПРОЕКТ;СВАО;район Свиблово;разработка программного обеспечения
ООО ОКРУГ ;СЗАО;район Северное Тушино;Легкая промышленность
ООО ФРАМ ВИНДОУЗ-ДСК-1 ;СЗАО;район Хорошёво-Мнёвники;Резиновые и пластмассовые изделия
ОАО СПЕЦСТРОЙБЕТОН - ЖБИ № 17 ;СЗАО;район Хорошёво-Мнёвники;Неметаллические минеральные продукты
АО ЕВРОБЕТОН ;СЗАО;район Хорошёво-Мнёвники;Неметаллические минеральные продукты
ООО ФЕРОН ;СЗАО;район Покровское-Стрешнево;Химическая промышленность
ЗАО ИНПЦ ПЕПТОГЕН ;СЗАО;район Строгино;Химическая промышленность
филиал Медгамал  ФГБУ ФНИЦЭМ им. Н.Ф. Гамалеи  М;СЗАО;район Щукино;Химическая промышленность
ЗАО ТРИНИТИ СОЛЮШНС ;СЗАО;район Строгино;Производство компьютеров, электронных и оптических изделий
АО ГОС МКБ ВЫМПЕЛ ИМ. И.И. ТОРОПОВА;СЗАО;район Покровское-Стрешнево;Научные исследования и разработки 
"АО ММП ИМЕНИ В.В. ЧЕРНЫШЕВА
";СЗАО;район Покровское-Стрешнево;Производство прочих транспортных средств и оборудования
"ООО НИИ КМ
";СЗАО;район Щукино;"Химическая промышленность
"
"ЗАОСНИИП-СИСТЕМАТОМ
";СЗАО;район Щукино;"Топливно-энергетическое машиностроение
"
"ЗАО УНИВЕРСАЛ-АЭРО
";СЗАО;район Южное Тушино;"Автомобильная промышленность
"
ФГУП ФЕДЕРАЛЬНЫЙ ЦЕНТР ПО ПРОЕКТИРОВАНИЮ И РАЗВИТИЮ ОБЪЕКТОВ ЯДЕРНОЙ МЕДИЦИНЫ ФМБА РОССИИ;СЗАО;район Щукино;"Фармацевтическая промышленность
"
"ГБПОУ МГОК
";СЗАО;район Покровское-Стрешнево;"Деревообрабатывающая
"
"ООО САНТИ
";СЗАО;район Щукино;"Пищевая промышленность
"
ПАО РАДИОФИЗИКА;СЗАО;район Северное Тушино;Радиоэлектроника и приборостроение
АО СНИИП;СЗАО;район Щукино;Радиоэлектроника и приборостроение
ПАО МАК ВЫМПЕЛ ;СЗАО;район Северное Тушино;Радиоэлектроника и приборостроение
АО ВНИИНМ;СЗАО;район Щукино;Топливно-энергетический комплекс
АО НПО МОЛНИЯ;СЗАО;район Южное Тушино;Металлургия и металлообработка
ФГУП НТЦ ОБОРОННОГО КОМПЛЕКСА КОМПАС;СЗАО;район Покровское-Стрешнево;Производство оружия, боеприпасов, спецхимии, военных машин
НИЦ КУРЧАТОВСКИЙ ИНСТИТУТ;СЗАО;район Щукино;Научная деятельность
АО ТЕКОНГРУП;СЗАО;район Хорошёво-Мнёвники;Радиоэлектроника и приборостроение
ООО ГОРЯЧИЕ КРЕНДЕЛИ СЕВЕР;СЗАО;район Южное Тушино;Пищевая промышленность
ООО ИНГЕОКОМ-ИНВЕСТ СТРОЙ;СЗАО;район Хорошёво-Мнёвники;Производство строительных материалов
ФГУП ГОСНИИБП;СЗАО;район Покровское-Стрешнево;Медицинская промышленность
ФГБУ ГНЦ ФМБЦ ИМ. А.И. БУРНАЗЯНА ФМБА РОССИИ;СЗАО;район Щукино;Медицинская промышленность
ЗАО ЭЛСИЭЛ;СЗАО;район Южное Тушино;Топливно-энергетический комплекс
АО ТЕКОН-ИНЖИНИРИНГ;СЗАО;район Хорошёво-Мнёвники;Производство ж/д транспорта
ООО ВЕНТО-2М;СЗАО;район Южное Тушино;"Производство прочих товаров народного потребления
"
ООО Русский рыбный мир ;ТАО;поселение Щаповское;Пищевая промышленность
ООО АЛЬТЕРВЕСТ XXI ВЕК ;ТАО;поселение Первомайское;Пищевая промышленность
АО Троицкая камвольная фабрика ;ТАО;поселение Троицк;Легкая промышленность
ЗАО РЕГЕНТ НМ ;ТАО;поселение Роговское;Легкая промышленность
ООО Фратти НВ ;ТАО;поселение Щаповское;Химическая промышленность
ООО СИНИКОН ;ТАО;поселение Троицк;Резиновые и пластмассовые изделия
ООО ВЕКА РУС ;ТАО;поселение Первомайское;Резиновые и пластмассовые изделия
ООО Окна Мастер ;ТАО;поселение Первомайское;Производство изделий из пластмасс
ОАО КИМПОР ;ТАО;поселение Краснопахорское;Металлообрабатывающая промышленность
ООО НПП ЦИРКОН СЕРВИС ;ТАО;поселение Щербинка;Металлообрабатывающая промышленность
ООО СЕРВЬЕ РУС ;ТАО;поселение Краснопахорское;Химическая промышленность
ООО СКБ МЕДРЕНТЕХ ;ТАО;поселение Мосрентген;Медицинское оборудование
ОАО 90 ЭКСПЕРИМЕНТАЛЬНЫЙ ЗАВОД ;ТАО;поселение Первомайское;Транспортные средства
ООО ПК АКВАРИУС ;ТАО;поселение Московский;Производство компьютеров, электронных и оптических изделий
ООО ПрофильДоорс ;ТАО;поселение Щаповское;Деревообработка
ООО НЕТКАНИКА;ТАО;поселение Роговское;"Легкая промышленность
"
ООО ДОМОТЕКА;ТАО;поселение Краснопахорское;"Деревообрабатывающая
"
ООО ФАКТОР-МЕД ПРОДАКШН;ТАО;поселение Троицк;Фармацевтическая промышленность
ООО СИМРАЙЗ РОГОВО;ТАО;поселение Роговское;Пищевая промышленность
ООО НОВАПРОДУКТ АГ;ТАО;поселение Краснопахорское;Пищевая промышленность
ООО МЕГАМИКС КОМБИКОРМ;ТАО;поселение Новофедоровское;Пищевая промышленность
АО ГНЦ РФ ТРИНИТИ;ТАО;поселение Троицк;Топливно-энергетический комплекс
ООО БИГ;ТАО;поселение Вороновское;Химическая промышленность
ООО ЦТО ТЕХНОСПАРК;ТАО;поселение Троицк;Металлургия и металлообработка
ФГБНУ ТИСНУМ;ТАО;поселение Троицк;Химическая промышленность
ООО ТЕХНО ЛИТ;ТАО;поселение Краснопахорское;Металлургия и металлообработка
ООО ФРИСТАЙЛ ТЕХНОЛОДЖИ;ТАО;поселение Щаповское;Металлообрабатывающая промышленность
ООО ШИШКИН ЛЕС ТОРГ;ТАО;поселение Михайлово-Ярцевское;Производство напитков
ООО ТКБ;ТАО;район Западное Дегунино;Химическая промышленность
ООО КОМБИНАТ ПИТАНИЯ;ТАО;поселение Кленовское;"Пищевая промышленность
"
АО ИТА СЕВЕРНАЯ КОМПАНИЯ;ТАО;поселение Краснопахорское;"Пищевая промышленность
"
ОАО КОНДИТЕРСКИЙ КОНЦЕРН БАБАЕВСКИЙ ;ЦАО;Красносельский район;Пищевая промышленность
ПАО КРАСНЫЙ ОКТЯБРЬ ;ЦАО;Красносельский район;Пищевая промышленность
ИЗДАТЕЛЬСТВО ЮРИДИЧЕСКАЯ ЛИТЕРАТУРА ;ЦАО;Пресненский район;Целлюлозно-бумажная промышленность, издательская и полиграфическая деятельность
ОАО РОТ ФРОНТ ;ЦАО;район Замоскворечье;Пищевая промышленность
АО УДАРНИЦА ;ЦАО;район Якиманка;Пищевая промышленность
ГУП КОФ ;ЦАО;Таганский район;Легкая промышленность
АО БОЛЬШЕВИЧКА ;ЦАО;Красносельский район;Легкая промышленность
ЗАО ДИАПАЗОН ;ЦАО;Таганский район;Резиновые и пластмассовые изделия
ООО ПСК Стройнеруд ;ЦАО;район Якиманка;Неметаллические минеральные продукты
ООО РЕДАКЦИЯ ГАЗЕТЫ СОЛИДАРНОСТЬ ;ЦАО;Мещанский район;Целлюлозно-бумажная промышленность, издательская и полиграфическая деятельность
ЗАО РЕДАКЦИЯ НЕЗАВИСИМОЙ ГАЗЕТЫ ;ЦАО;Красносельский район;Целлюлозно-бумажная промышленность, издательская и полиграфическая деятельность
ЗАО РЕДАКЦИЯ ГАЗЕТЫ МОСКОВСКИЙ КОМСОМОЛЕЦ ;ЦАО;Пресненский район;Целлюлозно-бумажная промышленность, издательская и полиграфическая деятельность
ЗАО Редакция газеты Московская правда ;ЦАО;Пресненский район;Целлюлозно-бумажная промышленность, издательская и полиграфическая деятельность
АО СК Пресс ;ЦАО;Таганский район;Целлюлозно-бумажная промышленность, издательская и полиграфическая деятельность
ООО ИНФЛАЙТ ИНТЕРТЕЙМЕНТ ГРУПП ;ЦАО;район Замоскворечье;Целлюлозно-бумажная промышленность, издательская и полиграфическая деятельность
ООО КОМПАНИЯ АФИША ;ЦАО;Тверской район;Целлюлозно-бумажная промышленность, издательская и полиграфическая деятельность
ООО Деловая газета ВЗГЛЯД ;ЦАО;Тверской район;Целлюлозно-бумажная промышленность, издательская и полиграфическая деятельность
ЗАО Издательство НЕФТЯНОЕ ХОЗЯЙСТВО ;ЦАО;район Якиманка;Целлюлозно-бумажная промышленность, издательская и полиграфическая деятельность
ОАО ОБЪЕДИНЕННАЯ РЕДАКЦИЯ ИЗДАНИЙ МЭРА И ПРАВИТЕЛЬСТВА МОСКВЫ ;ЦАО;Пресненский район;Целлюлозно-бумажная промышленность, издательская и полиграфическая деятельность
АНО РЕДАКЦИЯ ЖУРНАЛА НАУКА И ЖИЗНЬ ;ЦАО;Басманный район;Целлюлозно-бумажная промышленность, издательская и полиграфическая деятельность
ОАО МОСКОВСКАЯ ГАЗЕТНАЯ ТИПОГРАФИЯ ;ЦАО;Пресненский район;Целлюлозно-бумажная промышленность, издательская и полиграфическая деятельность
АО Финпол ;ЦАО;Тверской район;Целлюлозно-бумажная промышленность, издательская и полиграфическая деятельность
АО ПЕРВАЯ ОБРАЗЦОВАЯ ТИПОГРАФИЯ ;ЦАО;район Замоскворечье;Целлюлозно-бумажная промышленность, издательская и полиграфическая деятельность
ООО РДВ-МЕДИА ;ЦАО;Таганский район;Целлюлозно-бумажная промышленность, издательская и полиграфическая деятельность
ОАО МОСХИМФАРМПРЕПАРАТЫ  ИМ. Н.А.СЕМАШКО ;ЦАО;Таганский район;Химическая промышленность
ФГУП ГНЦ НИОПИК ;ЦАО;Пресненский район;Химическая промышленность
ЗАО ПАРТНЕР ;ЦАО;район Якиманка;Химическая промышленность
АО ЭОМЗ ;ЦАО;Таганский район;Производство оптических приборов, фото- и кинооборудования
ОАО МТЗ ТРАНСМАШ;ЦАО;Тверской район;Транспортные средства
ООО ТРАНСРЕМКОМ ;ЦАО;Басманный район;Машины и оборудование
АО НИИД ;ЦАО;Тверской район;Машины и оборудование
ЗАО МЭМЗ ПАМЯТИ РЕВОЛЮЦИИ 1905 ГОДА ;ЦАО;Пресненский район;Производство электрического оборудования
ЗАО КРОСНА-МОТОР ;ЦАО;Пресненский район;Производство электрического оборудования
ООО СПЕКТРАП ;ЦАО;район Хамовники;Производство компьютеров, электронных и оптических изделий
ООО ПРОФЕССИОНАЛЬНОЕ ИЗДАТЕЛЬСТВО ;ЦАО;Тверской район;Целлюлозно-бумажная промышленность, издательская и полиграфическая деятельность
"АО НПП КАНТ
 ";ЦАО;Таганский район;Производство компьютеров, электронных и оптических изделий
ФГУП ВНИИА;ЦАО;Тверской район;Научные исследования и разработки 
ПАО ТУПОЛЕВ ;ЦАО;Басманный район;Авиационная промышленность
ФГУП ВИАМ ;ЦАО;Басманный район;Авиационная промышленность
АО КОРПОРАЦИЯ ВНИИЭМ ;ЦАО;Басманный район;Авиационная промышленность
"АО ПЛУТОН
";ЦАО;Басманный район;"Микроэлектроника
"
"ПАО ММЗ РАССВЕТ
";ЦАО;Пресненский район;"Автомобильная промышленность
"
"ООО РУСМОДА
";ЦАО;Пресненский район;"Легкая промышленность
"
"АО НЕЙРОКОМ
";ЦАО;Басманный район;"Приборостроение и электроника
"
"ЗАО МИРРА-М
";ЦАО;Басманный район;"Химическая промышленность
"
"АО ЦС ЗВЕЗДОЧКА
";ЦАО;район Арбат;"Судостроение
"
"ООО МЕРК
";ЦАО;район Замоскворечье;"Фармацевтическая промышленность
"
"АО ЦНПО КАСКАД
";ЦАО;Тверской район;"Приборостроение и электроника
"
"АО НИИРК
";ЦАО;район Якиманка;"Приборостроение и электроника
"
"АО НТЦ ПРОМТЕХАЭРО
";ЦАО;Басманный район;"Производство оружия и боеприпасов
"
"ФГУП НТЦЗАРЯ
";ЦАО;Пресненский район;"Ракетно-космическая промышленность
"
АО ВНИИРТ;ЦАО;Басманный район;Радиоэлектроника и приборостроение
АО ЦНИРТИ ИМ. АКАДЕМИКА А.И. БЕРГА;ЦАО;Басманный район;Радиоэлектроника и приборостроение
ЗАО МНИТИ;ЦАО;Басманный район;Радиоэлектроника и приборостроение
ФГУП НИИР;ЦАО;Басманный район;Радиоэлектроника и приборостроение
ИРЭ ИМ. В.А.КОТЕЛЬНИКОВА РАН;ЦАО;Пресненский район;Научная деятельность
ФГАНУ ВНИМИ;ЦАО;район Замоскворечье;Пищевая промышленность
АО БАНС;ЦАО;Тверской район;Радиоэлектроника и приборостроение
АО НИКИЭТ;ЦАО;Красносельский район;Общее машиностроение
ФГУП ВНИИ ЦЕНТР;ЦАО;Пресненский район;Полиграфическая деятельность
ФГАНУ ЦИТИС;ЦАО;Пресненский район;Полиграфическая деятельность
"ООО ГЛОБАЛЬНЫЕ СИСТЕМЫ
АВТОМАТИЗАЦИИ, ООО ГЛОСАВ";ЦАО;район Замоскворечье;Радиоэлектроника и приборостроение
АО МНИИРС;ЦАО;Таганский район;Радиоэлектроника и приборостроение
ООО ИНТЕХСВЯЗЬ;ЦАО;Басманный район;Радиоэлектроника и приборостроение
ОАО АМНТК СОЮЗ;ЦАО;район Хамовники;Авиационная промышленность
ФГБНУ ФНЦ ПИЩЕВЫХ СИСТЕМ ИМ. В.М. ГОРБАТОВА РАН;ЦАО;Таганский район;Пищевая промышленность
ФГУП ЦНИИЧЕРМЕТ ИМ.И.П. БАРДИНА;ЦАО;Басманный район;Металлургия и металлообработка
АО КОРПОРАЦИЯ ФАЗОТРОН-НИИР;ЦАО;Пресненский район;Радиоэлектроника и приборостроение
ООО СОФИЙСКАЯ НАБЕРЕЖНАЯ;ЦАО;район Якиманка;Производство прочих товаров народного потребления
ИБМХ;ЦАО;район Хамовники;Химическая промышленность
АО МТУ АЛЬТАИР;ЦАО;Таганский район;Производство строительных материалов
ФГБНУ НИИВС ИМ. И.И. МЕЧНИКОВА;ЦАО;Басманный район;Научная деятельность
АО НПК ТЕХМАШ;ЦАО;район Замоскворечье;Производство оружия, боеприпасов, спецхимии, военных машин
АО ЦНИИ ЭИСУ;ЦАО;Пресненский район;Полиграфическая деятельность
ООО ЭКОТОЛ-СЕРВИС;ЦАО;Басманный район;"Производство ж/д транспорта
"
ООО КОМПАНИЯ ВАССА;ЦАО;Таганский район;"Легкая промышленность
"
ЗАО МИКОЯНОВСКИЙ МЯСОКОМБИНАТ ;ЮВАО;Нижегородский район;Пищевая промышленность
ОАО Золоторожский хлеб ;ЮВАО;район Лефортово;Пищевая промышленность
ОАО ХЛЕБОКОМБИНАТ ПРОЛЕТАРЕЦ ;ЮВАО;Южнопортовый район;Пищевая промышленность
ООО ПОЛИГРАФИКА ;ЮВАО;Рязанский район;Целлюлозно-бумажная промышленность, издательская и полиграфическая деятельность
ООО МЧФ ;ЮВАО;район Лефортово;Пищевая промышленность
ЗАО ДЖЕКС ;ЮВАО;Нижегородский район;Пищевая промышленность
АО МОСАЗЕРВИНЗАВОД ;ЮВАО;район Печатники;Пищевая промышленность
ООО Гришко ;ЮВАО;район Лефортово;Легкая промышленность
ООО ЗДИ ;ЮВАО;район Печатники;Деревообрабатывающая промышленность
АО ДОК-3 ;ЮВАО;Нижегородский район;Деревообрабатывающая промышленность
АО НПО МИКРОГЕН  ;ЮВАО;Южнопортовый район;Химическая промышленность
АО МЭЗОПЛАСТ ;ЮВАО;район Печатники;Химическая промышленность
АО ПОЛИМЕРБЫТ ;ЮВАО;Нижегородский район;Резиновые и пластмассовые изделия
ООО ТЗК ТЕХОСНАСТКА ;ЮВАО;Нижегородский район;Резиновые и пластмассовые изделия
ЗАО СВЯЗЬСТРОЙДЕТАЛЬ ;ЮВАО;район Печатники;Электрическое оборудование
ООО ЭРКОН ;ЮВАО;район Печатники;Неметаллические минеральные продукты
ОАО АБЗ-4 Капотня ;ЮВАО;район Капотня;Неметаллические минеральные продукты
ООО ЭЛКАТ ;ЮВАО;район Лефортово;Металлообрабатывающая промышленность
ООО МОСКАБЕЛЬ-ЦВЕТМЕТ ;ЮВАО;район Лефортово;Металлообрабатывающая промышленность
АО ЛГМ ;ЮВАО;район Печатники;Машины и оборудование
ООО ПНФ ЛГ автоматика ;ЮВАО;район Кузьминки;Машины и оборудование
ПАО КМЗ ;ЮВАО;Нижегородский район;Машины и оборудование
ООО ТОО Промхолод ;ЮВАО;район Текстильщики;Машины и оборудование
ООО ПМХ ;ЮВАО;район Печатники;Целлюлозно-бумажная промышленность, издательская и полиграфическая деятельность
АО ПК ПУШКИНСКАЯ ПЛОЩАДЬ ;ЮВАО;район Печатники;Целлюлозно-бумажная промышленность, издательская и полиграфическая деятельность
АО Линия График ;ЮВАО;район Люблино;Целлюлозно-бумажная промышленность, издательская и полиграфическая деятельность
ООО Полиграф-защита СПб ;ЮВАО;район Печатники;Целлюлозно-бумажная промышленность, издательская и полиграфическая деятельность
АО ГАЗПРОМНЕФТЬ - МНПЗ ;ЮВАО;район Капотня;Нефтепереработка
ООО НПП НЕФТЕХИМИЯ ;ЮВАО;район Капотня;Химическая промышленность
ФГУП МОСКОВСКИЙ ЭНДОКРИННЫЙ ЗАВОД ;ЮВАО;Нижегородский район;Химическая промышленность
ООО МАКИЗ-ФАРМА ;ЮВАО;Нижегородский район;Химическая промышленность
ОАО ЗАВОД ЭЛЕКТРОПРИБОР ;ЮВАО;район Марьино;Электрооборудование, электронное и оптическое оборудование, мед. оборудование
ЗАО РЕНО РОССИЯ ;ЮВАО;район Печатники;Транспортные средства
ООО ВЕМИНА АВИАПРЕСТИЖ ;ЮВАО;Южнопортовый район;Мебель
ООО РУССКИЙ МАТРАЦ ;ЮВАО;район Выхино-Жулебино;Мебель
ОАО ММЗ №3 ;ЮВАО;Рязанский район;Машины и оборудование
АО МОЗ ВНИИМЕТМАШ ;ЮВАО;Рязанский район;Машины и оборудование
АО ПО МЗ МОЛНИЯ ;ЮВАО;Рязанский район;Машины и оборудование
АО МКФ ;ЮВАО;район Лефортово;Производство электрического оборудования
ООО МКМ-ОП ;ЮВАО;район Лефортово;Производство электрического оборудования
ООО ЗАВОД МОСКАБЕЛЬ ;ЮВАО;район Лефортово;Производство электрического оборудования
ООО ЭСТРАЛИН ЗВК ;ЮВАО;район Лефортово;Производство электрического оборудования
"АО МКСМ АО МОСКАБЕЛЬСЕТЬМОНТАЖ
";ЮВАО;район Печатники;Ремонт и монтаж машин и оборудования
ЗАО ФЕРРОТЕК НОРД ;ЮВАО;район Печатники;Производство компьютеров, электронных и оптических изделий
АО Реатэкс;ЮВАО;район Печатники;химическая промышленность
ОАО Таганский мясокомбинат;ЮВАО;Нижегородский район;Пищевая промышленность
"АО ЖИРОВОЙ КОМБИНАТ
";ЮВАО;район Текстильщики;Пищевая промышленность
ООО Союз Три;ЮВАО;Нижегородский район;пищевая промышленность
ОАО КБК Простор;ЮВАО;район Выхино-Жулебино;пищевая промышленность
АО ПРЕМИУМ;ЮВАО;район Марьино;Строительные материалы
АО ИПК СТРАЖ;ЮВАО;район Выхино-Жулебино;Производство готовых металлических изделий
ООО ПК БОРЕЦ;ЮВАО;район Печатники;"Топливно-энергетическое машиностроение
"
АО КБК ЧЕРЁМУШКИ;ЮВАО;район Черёмушки;"Пищевая промышленность
"
"АО МЗЭМА
";ЮВАО;район Лефортово;"Приборостроение и электроника
"
"ООО ЮНИТЕЛ ИНЖИНИРИНГ
";ЮВАО;район Лефортово;"Топливно-энергетическое машиностроение
"
ООО ВЕТБИОХИМ;ЮВАО;район Щукино;"Фармацевтическая промышленность
"
ООО ФЛЕКСОЗНАК;ЮВАО;район Печатники;Полиграфическая деятельность 
АО АТЛАНТИКТРАНСГАЗСИСТЕМА АО АТГС;ЮВАО;район Печатники;"Приборостроение и электроника
"
"АО ФИРМА ТВЕМА
";ЮВАО;район Печатники;"Станкоинструментальная промышленность
"
ЗАО КРУГ;ЮВАО;район Марьино;"Пищевая промышленность
"
"АО ВТЕ ЮГО-ВОСТОК
";ЮВАО;район Некрасовка;"Химическая промышленность
"
"АО КБМ
";ЮВАО;Южнопортовый район;"Специальное машиностроение (в т.ч. пищевое, стройдор, сельхоз)
"
"АО ПРЕПРЕГ-СКМ
";ЮВАО;район Печатники;"Химическая промышленность
"
ООО НИЖЕГОРОДСКИЙ ХЛЕБ;ЮВАО;Нижегородский район;"Пищевая промышленность
"
"ООО ХАЙТЭК
";ЮВАО;район Печатники;"Микроэлектроника
"
ООО ВЕЛЬТПЛАСТ;ЮВАО;Нижегородский район;"Производство строительных материалов
"
"ЗАО НПЦ НАУКА-СЕРВИС
";ЮВАО;Рязанский район;"Производство оружия и боеприпасов
"
"ООО ЦПОСН ОРТОМОДА
";ЮВАО;район Печатники;"Медицинская промышленность
"
"ООО ЭСТРАЛИН ПС
";ЮВАО;район Лефортово;"Производство строительных материалов
"
ФАУ ЦИАМ ИМ. П.И. БАРАНОВА;ЮВАО;район Лефортово;Научные исследования и разработки
АО Т 8;ЮВАО;район Печатники;Полиграфическая деятельность
АО КОРПОРАЦИЯ КОМЕТА;ЮВАО;Южнопортовый район;Радиоэлектроника и приборостроение
АО НПК СПП;ЮВАО;район Лефортово;Радиоэлектроника и приборостроение
АО ОКБ МЭИ;ЮВАО;район Лефортово;Радиоэлектроника и приборостроение
АО КОРПОРАЦИЯ СПУ-ЦКБ ТМ;ЮВАО;Нижегородский район;Общее машиностроение
АО ВНИИАЭС;ЮВАО;район Выхино-Жулебино;Общее машиностроение
ОАО ВНИИКП;ЮВАО;район Лефортово;Кабельная промышленность
ЗАО НПЦ ФИРМА НЕЛК;ЮВАО;Рязанский район;Радиоэлектроника и приборостроение
"АО СВЕТОТЕХНИЧЕСКИЙ ЗАВОД
САТУРН";ЮВАО;Рязанский район;Приборостроение и электроника
ООО ДИАГНОСТИКА-М;ЮВАО;район Печатники;Радиоэлектроника и приборостроение
ООО ИНФОРСЕР ИНЖИНИРИНГ;ЮВАО;Рязанский район;Приборостроение и электроника
ООО НАУЧНЫЕ РАЗВЛЕЧЕНИЯ;ЮВАО;район Печатники;Радиоэлектроника и приборостроение
ООО РАДИОКОМП;ЮВАО;район Печатники;Радиоэлектроника и приборостроение
АО НПП ЦИФРОВЫЕ РЕШЕНИЯ;ЮВАО;район Лефортово;Радиоэлектроника и приборостроение
ООО МТЭР ЦТС;ЮВАО;район Люблино;Производство прочей неметаллической минеральной продукции
ООО РПК ЗЕТАПРИНТ;ЮВАО;район Печатники;Полиграфическая деятельность
ООО ТЕХНОЛОГИЯ;ЮВАО;Нижегородский район;Химическая промышленность
АО ОРКК;ЮВАО;район Лефортово;Радиоэлектроника и приборостроение
ФГБНУ ФНАЦ ВИМ;ЮВАО;Рязанский район;Общее машиностроение
ООО ЦРМЗ;ЮВАО;Рязанский район;Общее машиностроение
АО МКМ;ЮВАО;район Лефортово;Топливно-энергетический комплекс
АО АХК ВНИИМЕТМАШ;ЮВАО;Рязанский район;Общее машиностроение
АО ВНИИ НП;ЮВАО;район Лефортово;Химическая промышленность
ООО ФИРМА ВИРТУ;ЮВАО;Южнопортовый район;Производство прочих товаров народного потребления
ООО ФОТОЭКСПЕРТ;ЮВАО;район Печатники;Полиграфическая деятельность
АО ИНСТИТУТ ПЛАСТМАСС;ЮВАО;район Лефортово;Химическая промышленность
ООО РЕПРОПАРК;ЮВАО;район Лефортово;Полиграфическая деятельность
ООО ХИМАВТООЙЛ;ЮВАО;район Печатники;Химическая промышленность
ООО НПК ПОЖХИМЗАЩИТА;ЮВАО;район Печатники;Легкая промышленность
ООО НИИЭМИ;ЮВАО;Нижегородский район;Химическая промышленность
ООО СПУТНИК ТЕХНОПОЛИС;ЮВАО;район Печатники;Фармацевтическая промышленность
ООО НЦК;ЮВАО;район Печатники;Химическая промышленность
АО ШНЕЙДЕР ЭЛЕКТРИК;ЮВАО;район Печатники;Топливно-энергетический комплекс
ООО ТПК НВН;ЮВАО;Нижегородский район;Пищевая промышленность
ООО ПК ВТОРАЛЮМИНПРОДУКТ;ЮВАО;район Некрасовка;Металлургия и металлообработка
ООО ММП-ИРБИС;ЮВАО;район Лефортово;Радиоэлектроника и приборостроение
ООО МК;ЮВАО;Нижегородский район;Пищевая промышленность
ООО ПО ЭКОТЕХПРОМ ;ЮВАО;район Москворечье-Сабурово;Общее машиностроение
АО НПО ЦНИИТМАШ;ЮВАО;Южнопортовый район;Металлообрабатывающая промышленность
ООО АТМ АКРОНЕКС;ЮВАО;район Лефортово;Металлообрабатывающая промышленность
ООО ЭЛКАТ;ЮВАО;район Лефортово;Производство меди
ООО ЭТК-ПРИБОР;ЮВАО;Нижегородский район;"Радиоэлектроника и приборостроение
"
АО АКТИВ-СОФТ;ЮВАО;Южнопортовый район;"Радиоэлектроника и приборостроение
"
ООО ЛАССАРД;ЮВАО;район Лефортово;"Научная деятельность
"
ООО Снежана+Д ;ЮЗАО;район Коньково;Пищевая промышленность
ОАО КБК ЧЕРЕМУШКИ ;ЮЗАО;район Выхино-Жулебино;Пищевая промышленность
ООО Эль Пако ;ЮЗАО;Обручевский район;Целлюлозно-бумажная промышленность, издательская и полиграфическая деятельность
ЗАО Фирма ЧЕРЕМУШКИ ;ЮЗАО;район Котловка;Легкая промышленность
ФГУП МЗСС ;ЮЗАО;район Черёмушки;Производство ювелирных изделий и аналогичных изделий
ОАО Окружная газета ЮЗАО ;ЮЗАО;район Котловка;Целлюлозно-бумажная промышленность, издательская и полиграфическая деятельность
ООО БИЗНЕСПРЕСС ;ЮЗАО;Обручевский район;Целлюлозно-бумажная промышленность, издательская и полиграфическая деятельность
ОАО Щербинская типография ;ЮЗАО;район Южное Бутово;Целлюлозно-бумажная промышленность, издательская и полиграфическая деятельность
ЗАО ФАРМЦЕНТР ВИЛАР ;ЮЗАО;район Северное Бутово;Химическая промышленность
ООО C.П.ГЕЛПИК ;ЮЗАО;район Коньково;Медицинское оборудование
ЗАО НПФ ДОЛОМАНТ ;ЮЗАО;район Коньково;Производство компьютеров, электронных и оптических изделий
АО КОНЦЕРН ВНИИНС;ЮЗАО;район Зюзино;Деятельность профессиональная научная и техническая прочая
ОАО Т-ПЛАТФОРМЫ ;ЮЗАО;Ломоносовский район;Производство компьютеров, электронных и оптических изделий
АО НПП Торий ;ЮЗАО;район Коньково;Научные исследования и разработки
"ООО Компания БиДжи
 ";ЮЗАО;район Южное Бутово;Производство бумаги и бумажных изделий
ФГУП НПЦАП;ЮЗАО;район Коньково;Научные исследования и разработки
"ООО САТУРН-ШБС-3
";ЮЗАО;Обручевский район;"пищевая промышленность
"
"ООО СТЕНТЕКС
";ЮЗАО;район Зюзино;"Медицинская промышленность
"
"АО НИИАА
";ЮЗАО;Обручевский район;"Приборостроение и электроника
"
"АО СИСТЕМЫ УПРАВЛЕНИЯ
";ЮЗАО;Обручевский район;"Приборостроение и электроника
"
АО НИИССУ;ЮЗАО;Обручевский район;Радиоэлектроника и приборостроение
АО НПП ТОРИЙ;ЮЗАО;район Коньково;Радиоэлектроника и приборостроение
ООО ДНК-ТЕХНОЛОГИЯ ТС;ЮЗАО;район Черёмушки;Медицинская промышленность
АО МЦСТ;ЮЗАО;Гагаринский район;Радиоэлектроника и приборостроение
АО МЗСС;ЮЗАО;район Черёмушки;Производство прочих товаров народного потребления
ФГУ ФНЦ НИИСИ РАН;ЮЗАО;Академический район;Радиоэлектроника и приборостроение
ПАО ИНЭУМ ИМ. И.С. БРУКА;ЮЗАО;Гагаринский район;Радиоэлектроника и приборостроение
АО КБТОЧМАШ ИМ. А.Э.НУДЕЛЬМАНА;ЮЗАО;район Коньково;Производство оружия, боеприпасов, спецхимии, военных машин
ФГУП НПП ГАММА;ЮЗАО;Обручевский район;Радиоэлектроника и приборостроение
ООО ФАРМАПАРК;ЮЗАО;район Черёмушки;Фармацевтическая промышленность
АО НИИ ПОЛЮС ИМ. М.Ф. СТЕЛЬМАХА;ЮЗАО;район Коньково;Радиоэлектроника и приборостроение
АО НПЦАП;ЮЗАО;район Коньково;Радиоэлектроника и приборостроение
АО НИТС ИМ. В.Ф.СОЛИНОВА;ЮЗАО;район Котловка;Авиационная промышленность
АО ЦЕНТР ВОСПИ;ЮЗАО;район Коньково;Кабельная промышленность
АО ИТМИВТ;ЮЗАО;Гагаринский район;Радиоэлектроника и приборостроение
ИКИ РАН;ЮЗАО;район Коньково;Авиационная промышленность
ИБХ РАН;ЮЗАО;район Коньково;Химическая промышленность
ИОФ РАН;ЮЗАО;Гагаринский район;Металлургия и металлообработка
ИОХ РАН;ЮЗАО;Гагаринский район;Химическая промышленность
ИНЭОС РАН;ЮЗАО;Гагаринский район;Химическая промышленность
ФНИЦ КРИСТАЛЛОГРАФИЯ И ФОТОНИКА РАН;ЮЗАО;Гагаринский район;Химическая промышленность
ИМЕТ РАН;ЮЗАО;Гагаринский район;Металлургия и металлообработка
АО АКИН;ЮЗАО;Академический район;Судостроение
АО ДРСУ;ЮЗАО;район Южное Бутово;Производство строительных материалов
ИСПМ РАН;ЮЗАО;Обручевский район;Химическая промышленность
ООО ГАЗПРОМНЕФТЬ - ЭНЕРГОСЕРВИС;ЮЗАО;Академический район;Топливно-энергетический комплекс
ЗАО ЦНИИПСК ИМ. МЕЛЬНИКОВА;ЮЗАО;Обручевский район;Строительная
ООО ГЭХ ТЭР;ЮЗАО;район Черёмушки;Топливно-энергетический комплекс
"ИЯИ РАН
";ЮЗАО;Академический район;"Научная деятельность
"
ООО ДОРМАКАБА ЕВРАЗИЯ;ЮЗАО;Академический район;"Производство строительных материалов
"
ООО МПЗ«Москворецкий ;ЮАО;район Москворечье-Сабурово;Пищевая промышленность
ЗАО ПАРТНЕР Ф ;ЮАО;район Царицыно;Пищевая промышленность
ООО ММПЗ КОЛОМЕНСКОЕ ;ЮАО;район Нагатино-Садовники;Пищевая промышленность
ОАО ЦАРИЦЫНО ;ЮАО;район Царицыно;Пищевая промышленность
ОАО МОСКВОРЕЧЬЕ ;ЮАО;Даниловский район;Пищевая промышленность
ЗАО БКК Коломенский ;ЮАО;район Нагатино-Садовники;Пищевая промышленность
ООО ХАТБЕР-М ;ЮАО;район Чертаново Центральное;Целлюлозно-бумажная промышленность, издательская и полиграфическая деятельность
ООО КОМПАНИЯ СКИТ ;ЮАО;район Царицыно;Пищевая промышленность
АО ФОРТ ТЕХНОЛОГИЯ ;ЮАО;Донской район;Легкая промышленность
ЗАО МОФ ПАРИЖСКАЯ КОММУНА ;ЮАО;район Замоскворечье;Легкая промышленность
ОАО УПАКОВКА ;ЮАО;район Царицыно;Целлюлозно-бумажная промышленность, издательская и полиграфическая деятельность
АО Смерфит Каппа Москва СОЮЗ;ЮАО;район Царицыно;Целлюлозно-бумажная промышленность, издательская и полиграфическая деятельность
ОАО ФАБЕРЛИК ;ЮАО;район Бирюлёво Западное;Химическая промышленность
ЗАО НОВАЯ ЗАРЯ ;ЮАО;Даниловский район;Химическая промышленность
ООО МОСАВТОСТЕКЛО ;ЮАО;Даниловский район;Неметаллические минеральные продукты
ОАО ОПЫТНЫЙ ЗАВОД СУХИХ СМЕСЕЙ ;ЮАО;район Бирюлёво Западное;Неметаллические минеральные продукты
ФЛ ООО Промет-сейф ;ЮАО;район Бирюлёво Восточное;Металлообрабатывающая промышленность
ООО Рус Стиль ;ЮАО;Даниловский район;Машины и оборудование
ОАО НПО ГЕЛИЙМАШ ;ЮАО;Даниловский район;Машины и оборудование
ООО ЛЕНТА.РУ ;ЮАО;Даниловский район;Целлюлозно-бумажная промышленность, издательская и полиграфическая деятельность
ООО Хёрст Шкулёв Медиа ;ЮАО;Донской район;Целлюлозно-бумажная промышленность, издательская и полиграфическая деятельность
ООО ПРАЙС ЭКСПРЕСС ;ЮАО;Даниловский район;Целлюлозно-бумажная промышленность, издательская и полиграфическая деятельность
АО ГОЗНАК;ЮАО;Даниловский район;Целлюлозно-бумажная промышленность, издательская и полиграфическая деятельность
АО КОНЦЕРН ЗНАК ;ЮАО;район Нагатино-Садовники;Производство готовых металлических изделий
ООО МНПК БИОТИКИ ;ЮАО;район Бирюлёво Восточное;Химическая промышленность
АО МРЗ ТЕМП ;ЮАО;район Царицыно;Электрооборудование, электронное и оптическое оборудование, мед. оборудование
ООО ДИАМЕХ 2000 ;ЮАО;Даниловский район;Производство машин и оборудования
АО МЗП ;ЮАО;район Москворечье-Сабурово;Производство готовых металлических изделий
ООО ОПТИК-ВИЖН ;ЮАО;Донской район;Производство медицинских инструментов и оборудования
"АО МЗ САПФИР
";ЮАО;район Чертаново Центральное;Производство оптических приборов, фото- и кинооборудования
ЗАО ПО Спецтехника пожаротушения ;ЮАО;Даниловский район;Транспортные средства
ЗАО ВАСКО ;ЮАО;район Москворечье-Сабурово;Мебель
МОСКОВСКИЙ МОНЕТНЫЙ ДВОР ГОЗНАКА;ЮАО;Даниловский район;Ювелирные изделия
ООО Руиз Даймондс ;ЮАО;район Нагатино-Садовники;Ювелирные изделия
ООО ЧАСОВОЙ ЗАВОД НИКА ;ЮАО;район Нагатинский Затон;Ювелирные изделия
АО КБ КОРУНД-М ;ЮАО;Нагорный район;Производство компьютеров, электронных и оптических изделий
ООО НПП ИТЭЛМА ;ЮАО;район Нагатино-Садовники;Производство автотранспортных средств, прицепов и полуприцепов
ОАО КОНЦЕРН ГРАНИТ ;ЮАО;Донской район;Научные исследования и разработки 
АО МПО МЕТАЛЛИСТ ;ЮАО;Донской район;Производство компьютеров, электронных и оптических изделий
ООО ВОСТРЯКОВО-2;ЮАО;район Бирюлёво Западное;пищевая промышленность
ООО ЧИКЕН ФЭКТОРИ;ЮАО;район Бирюлёво Западное;Пищевая промышленность
ООО БУТКОМ ;ЮАО;район Бирюлёво Западное;пищевая промышленность
ПАО ДИОД;ЮАО;Даниловский район;Пищевая промышленность
"АО ГНПП РЕГИОН
";ЮАО;район Нагатино-Садовники;Оружие и боеприпасы
ООО Альфа Автоматив Техноложиз;ЮАО;Даниловский район;Автомобильная
АО ГНПП РЕГИОН ;ЮАО;район Нагатино-Садовники;Производство оружия и боеприпасов
"АО МЗАТЭ-2
";ЮАО;район Чертаново Южное;"Автомобильная промышленность
"
"ООО ФЛЕКСОПРИНТ
";ЮАО;район Москворечье-Сабурово;"Полиграфическая деятельность 
"
ООО МПО ЭЛЕКТРОТЕХНИКА;ЮАО;район Нагатино-Садовники;"Кабельная промышленность
"
"ООО ЛЕД-ЭФФЕКТ
";ЮАО;район Нагатино-Садовники;"Приборостроение и электроника
"
ООО АБС ЦДС;ЮАО;район Чертаново Южное;"Производство строительных материалов
"
АО ГОЗНАК;ЮАО;Даниловский район;"Полиграфическая деятельность 
"
"ООО ФИРМА ГАЗПРИБОРАВТОМАТИКА
";ЮАО;район Чертаново Южное;"Приборостроение и электроника
"
"ООО АЙКРАФТ
";ЮАО;Донской район;"Медицинская промышленность
"
"ЗАО НПЦ КИБЕРНЕТИКА
";ЮАО;район Царицыно;"Приборостроение и электроника
"
ООО АББ;ЮАО;Академический район;"Производство строительных материалов
"
"ООО ОРИС ПРОМ 
";ЮАО;Нагорный район;"Приборостроение и электроника
"
"АО СОЮЗПРОМНИИПРОЕКТ
";ЮАО;район Нагатино-Садовники;"Авиационная промышленность
"
ООО БАЙТЭРГ;ЮАО;район Лефортово;Приборостроение и электроника
АО ФЦНИВТ СНПО ЭЛЕРОН;ЮАО;район Орехово-Борисово Северное;Радиоэлектроника и приборостроение
ФГБУ НМИЦ ОНКОЛОГИИ ИМ. Н.Н. БЛОХИНА МИНЗДРАВА РОССИИ;ЮАО;район Москворечье-Сабурово;Фармацевтическая промышленность
АО НИЦЭВТ;ЮАО;район Чертаново Центральное;Радиоэлектроника и приборостроение
АО НПО РУСБИТЕХ;ЮАО;Нагорный район;Общее машиностроение
ООО КОД БЕЗОПАСНОСТИ;ЮАО;район Нагатино-Садовники;Радиоэлектроника и приборостроение
АО МРТИ РАН;ЮАО;район Чертаново Центральное;Радиоэлектроника и приборостроение
АО ЗАВОД РЭТО;ЮАО;район Нагатино-Садовники;Металлургия и металлообработка
АО НПО ПРИБОР ИМЕНИ С.С. ГОЛЕМБИОВСКОГО;ЮАО;район Чертаново Северное;Производство оружия, боеприпасов, спецхимии, военных машин
АО КРАСНАЯ ЗВЕЗДА;ЮАО;Нагорный район;Общее машиностроение
АО ВНИИХТ;ЮАО;район Москворечье-Сабурово;Общее машиностроение
АО НПЦ ВИГСТАР;ЮАО;район Чертаново Центральное;Металлургия и металлообработка
АО НИАТ;ЮАО;район Чертаново Северное;Авиационная промышленность
АО НИИТФА;ЮАО;Нагорный район;Радиоэлектроника и приборостроение
ООО ГЕЛЬТЕК-МЕДИКА;ЮАО;район Москворечье-Сабурово;Фармацевтическая промышленность
АО СВЯЗЬ ИНЖИНИРИНГ М;ЮАО;район Нагатино-Садовники;Радиоэлектроника и приборостроение
ООО ЭЛЕКТРО СИ;ЮАО;район Бирюлёво Восточное;Металлургия и металлообработка
ОАО НПО ФИЗИКА;ЮАО;район Чертаново Центральное;Радиоэлектроника и приборостроение
ООО СПЕЦБЛАНК-МОСКВА;ЮАО;район Нагатино-Садовники;Полиграфическая деятельность
ФГУП ЦНИИХМ;ЮАО;район Нагатино-Садовники;Химическая промышленность
ООО ЭНЖИ;ЮАО;район Царицыно;Радиоэлектроника и приборостроение
ООО МЯСНОВЪ - 77;ЮАО;район Бирюлёво Восточное;Пищевая промышленность
АО МОСАГРОГЕН;ЮАО;район Чертаново Центральное;Фармацевтическая промышленность
ООО ПК ЛУЧ;ЮАО;район Чертаново Центральное;Пищевая промышленность
АО ВНИПИПРОМТЕХНОЛОГИИ;ЮАО;район Москворечье-Сабурово;Научная деятельность
ООО РУСАТ;ЮАО;район Москворечье-Сабурово;Общее машиностроение
АО ЭНПО СПЭЛС;ЮАО;Даниловский район;Научная деятельность
ООО ВЕДИС-ГРУПП;ЮАО;Даниловский район;Производство строительных материалов
ИНХС РАН;ЮАО;Донской район;Полиграфическая деятельность
ИФХЭ РАН;ЮАО;Донской район;Полиграфическая деятельность
ФГБУ НМИЦ ОНКОЛОГИИ ИМ. Н.Н. БЛОХИНА МИНЗДРАВА РОССИИ;ЮАО;район Москворечье-Сабурово;"Фармацевтическая промышленность
"
АО МЮЗ;ЮАО;район Нагатино-Садовники;"Производство прочих товаров народного потребления
"
ООО ВИКТОРИЯ БАЛТИЯ;ЮАО;район Бирюлёво Западное;"Производство напитков
"
ООО ГК МФМК;ЮАО;район Москворечье-Сабурово;Общее машиностроение
ООО БАСТИОН М.С.;ЮАО;район Москворечье-Сабурово;"Пищевая промышленность
"
ООО ЛИНЗМАСТЕР;ЮАО;Нагорный район;"Медицинская промышленность
"